{
	"variables": [],
	"info": {
		"name": "Assigment_1",
		"_postman_id": "209c22f2-af61-3577-25de-ad3814d255b1",
		"description": "",
		"schema": "https://schema.getpostman.com/json/collection/v2.0.0/collection.json"
	},
	"item": [
		{
			"name": "http://localhost:9021/api/member Create New Member with token",
			"request": {
				"url": "http://localhost:9021/api/member",
				"method": "POST",
				"header": [
					{
						"key": "Content-Type",
						"value": "application/json",
						"description": ""
					},
					{
						"key": "Accept",
						"value": "application/json",
						"description": ""
					},
					{
						"key": "x-access-token",
						"value": "eyJ0eXAiOiJKV1QiLCJhbGciOiJIUzI1NiJ9.eyJtZW1iZXJfaWQiOiI2MWVjNmYzZS02MTAwLTRiMWItOTczMy1iMzQ3ZTA0MmY4MTUiLCJleHAiOjE2NDIzOTQ5MTJ9.4dTylKqlKeSHHF_NNBhHBvz8XWdObDmqbcU7rmthNu0",
						"description": ""
					}
				],
				"body": {
					"mode": "raw",
					"raw": "{\n\t\"name\":\"Lily\", \"password\":\"password\", \"admin\":\"False\"\n}"
				},
				"description": ""
			},
			"response": []
		},
		{
			"name": "http://localhost:9021/api/member Get All",
			"request": {
				"url": "http://localhost:9021/api/member ",
				"method": "GET",
				"header": [
					{
						"key": "Accept",
						"value": "application/json",
						"description": ""
					},
					{
						"key": "x-access-token",
						"value": "eyJ0eXAiOiJKV1QiLCJhbGciOiJIUzI1NiJ9.eyJtZW1iZXJfaWQiOiI2MWVjNmYzZS02MTAwLTRiMWItOTczMy1iMzQ3ZTA0MmY4MTUiLCJleHAiOjE2NDIzOTQ5MTJ9.4dTylKqlKeSHHF_NNBhHBvz8XWdObDmqbcU7rmthNu0",
						"description": ""
					},
					{
						"key": "Content-Type",
						"value": "application/json",
						"description": ""
					}
				],
				"body": {},
				"description": ""
			},
			"response": []
		},
		{
			"name": "http://localhost:9021/api/member Get One",
			"request": {
				"url": "http://localhost:9021/api/member/61ec6f3e-6100-4b1b-9733-b347e042f815",
				"method": "GET",
				"header": [
					{
						"key": "Accept",
						"value": "application/json",
						"description": ""
					},
					{
						"key": "x-access-token",
						"value": "eyJ0eXAiOiJKV1QiLCJhbGciOiJIUzI1NiJ9.eyJtZW1iZXJfaWQiOiI2MWVjNmYzZS02MTAwLTRiMWItOTczMy1iMzQ3ZTA0MmY4MTUiLCJleHAiOjE2NDIzOTQ5MTJ9.4dTylKqlKeSHHF_NNBhHBvz8XWdObDmqbcU7rmthNu0",
						"description": ""
					},
					{
						"key": "Content-Type",
						"value": "application/json",
						"description": ""
					}
				],
				"body": {},
				"description": ""
			},
			"response": []
		},
		{
			"name": "http://localhost:9021/api/member Put promote",
			"request": {
				"url": "http://localhost:9021/api/member/9c0a913b-86d3-47eb-894f-80ed80f631d8",
				"method": "PUT",
				"header": [
					{
						"key": "Accept",
						"value": "application/json",
						"description": ""
					},
					{
						"key": "x-access-token",
						"value": "eyJ0eXAiOiJKV1QiLCJhbGciOiJIUzI1NiJ9.eyJtZW1iZXJfaWQiOiI2MWVjNmYzZS02MTAwLTRiMWItOTczMy1iMzQ3ZTA0MmY4MTUiLCJleHAiOjE2NDIzOTQ5MTJ9.4dTylKqlKeSHHF_NNBhHBvz8XWdObDmqbcU7rmthNu0",
						"description": ""
					},
					{
						"key": "Content-Type",
						"value": "application/json",
						"description": ""
					}
				],
				"body": {
					"mode": "raw",
					"raw": ""
				},
				"description": ""
			},
			"response": []
		},
		{
			"name": "http://localhost:9021/api/member Delete",
			"request": {
				"url": "http://localhost:9021/api/member/9c0a913b-86d3-47eb-894f-80ed80f631d8",
				"method": "DELETE",
				"header": [
					{
						"key": "Accept",
						"value": "application/json",
						"description": ""
					},
					{
						"key": "x-access-token",
						"value": "eyJ0eXAiOiJKV1QiLCJhbGciOiJIUzI1NiJ9.eyJtZW1iZXJfaWQiOiI2MWVjNmYzZS02MTAwLTRiMWItOTczMy1iMzQ3ZTA0MmY4MTUiLCJleHAiOjE2NDIzOTQ5MTJ9.4dTylKqlKeSHHF_NNBhHBvz8XWdObDmqbcU7rmthNu0",
						"description": ""
					},
					{
						"key": "Content-Type",
						"value": "application/json",
						"description": ""
					}
				],
				"body": {},
				"description": ""
			},
			"response": []
		},
		{
			"name": "http://localhost:9021/api/login Login",
			"request": {
				"url": "http://localhost:9021/api/login",
				"method": "GET",
				"header": [
					{
						"key": "Authorization",
						"value": "Basic RXN0aGVyOnBhc3N3b3Jk",
						"description": ""
					}
				],
				"body": {},
				"description": ""
			},
			"response": []
		},
		{
			"name": "http://localhost:9021/api/periodnote Create new periodnote",
			"request": {
				"url": "http://localhost:9021/api/periodnote",
				"method": "POST",
				"header": [
					{
						"key": "Content-Type",
						"value": "application/json",
						"description": ""
					},
					{
						"key": "Accept",
						"value": "application/json",
						"description": ""
					},
					{
						"key": "x-access-token",
						"value": "eyJ0eXAiOiJKV1QiLCJhbGciOiJIUzI1NiJ9.eyJtZW1iZXJfaWQiOiJmOTc2NmMyMC1jMmIxLTQwNDMtYTZjNC0wMDE3ZDFjNzA2YzEiLCJleHAiOjE2NDIzOTQ5NDV9.Ha6JcxLVL0c--ijkrFnLrT-IOs-kkfrAsrTkXjc4Phs",
						"description": ""
					}
				],
				"body": {
					"mode": "raw",
					"raw": "{\n\t\"title\":\"Period good\", \"mpain\":\"False\", \"colour\":\"red\", \"note_body\":\"a little bit pain\"\n}\n\n"
				},
				"description": ""
			},
			"response": []
		},
		{
			"name": "http://localhost:9021/api/periodnote Get all notes",
			"request": {
				"url": "http://localhost:9021/api/periodnote",
				"method": "GET",
				"header": [
					{
						"key": "Content-Type",
						"value": "application/json",
						"description": ""
					},
					{
						"key": "Accept",
						"value": "application/json",
						"description": ""
					},
					{
						"key": "x-access-token",
						"value": "eyJ0eXAiOiJKV1QiLCJhbGciOiJIUzI1NiJ9.eyJtZW1iZXJfaWQiOiJmOTc2NmMyMC1jMmIxLTQwNDMtYTZjNC0wMDE3ZDFjNzA2YzEiLCJleHAiOjE2NDIzOTQ5NDV9.Ha6JcxLVL0c--ijkrFnLrT-IOs-kkfrAsrTkXjc4Phs",
						"description": ""
					}
				],
				"body": {},
				"description": ""
			},
			"response": []
		},
		{
			"name": "http://localhost:9021/api/periodnote Get one member note",
			"request": {
				"url": "http://localhost:9021/api/periodnote/1",
				"method": "GET",
				"header": [
					{
						"key": "Content-Type",
						"value": "application/json",
						"description": ""
					},
					{
						"key": "Accept",
						"value": "application/json",
						"description": ""
					},
					{
						"key": "x-access-token",
						"value": "eyJ0eXAiOiJKV1QiLCJhbGciOiJIUzI1NiJ9.eyJtZW1iZXJfaWQiOiJmOTc2NmMyMC1jMmIxLTQwNDMtYTZjNC0wMDE3ZDFjNzA2YzEiLCJleHAiOjE2NDIzOTQ5NDV9.Ha6JcxLVL0c--ijkrFnLrT-IOs-kkfrAsrTkXjc4Phs",
						"description": ""
					}
				],
				"body": {},
				"description": ""
			},
			"response": []
		},
		{
			"name": "http://localhost:9021/api/periodnote/3 Mpain",
			"request": {
				"url": "http://localhost:9021/api/periodnote/4",
				"method": "PUT",
				"header": [
					{
						"key": "Accept",
						"value": "application/json",
						"description": ""
					},
					{
						"key": "Content-Type",
						"value": "application/json",
						"description": ""
					},
					{
						"key": "x-access-token",
						"value": "eyJ0eXAiOiJKV1QiLCJhbGciOiJIUzI1NiJ9.eyJtZW1iZXJfaWQiOiJmOTc2NmMyMC1jMmIxLTQwNDMtYTZjNC0wMDE3ZDFjNzA2YzEiLCJleHAiOjE2NDIzOTQ5NDV9.Ha6JcxLVL0c--ijkrFnLrT-IOs-kkfrAsrTkXjc4Phs",
						"description": ""
					}
				],
				"body": {
					"mode": "raw",
					"raw": ""
				},
				"description": ""
			},
			"response": []
		},
		{
			"name": "http://localhost:9021/api/periodnote Delete note",
			"request": {
				"url": "http://localhost:9021/api/periodnote/4",
				"method": "DELETE",
				"header": [
					{
						"key": "Accept",
						"value": "application/json",
						"description": ""
					},
					{
						"key": "Content-Type",
						"value": "application/json",
						"description": ""
					},
					{
						"key": "x-access-token",
						"value": "eyJ0eXAiOiJKV1QiLCJhbGciOiJIUzI1NiJ9.eyJtZW1iZXJfaWQiOiJmOTc2NmMyMC1jMmIxLTQwNDMtYTZjNC0wMDE3ZDFjNzA2YzEiLCJleHAiOjE2NDIzOTQ5NDV9.Ha6JcxLVL0c--ijkrFnLrT-IOs-kkfrAsrTkXjc4Phs",
						"description": ""
					}
				],
				"body": {},
				"description": ""
			},
			"response": []
		}
	]
}